{"cameraMode":{"drawMode":0,"name":"Shaded","section":"Shading Mode"},"sceneLighting":true,"audioPlay":false,"sceneViewState":{"showFog":true,"showMaterialUpdate":false,"showSkybox":true,"showFlares":true,"showImageEffects":true,"showParticleSystems":true},"in2DMode":false,"pivot":{"x":106.68917846679688,"y":74.75559997558594,"z":-3.9375},"rotation":{"x":0.07944454252719879,"y":0.4034876823425293,"z":-0.035192281007766727,"w":0.9108501672744751},"size":121.72148132324219,"orthographic":true}